z_mm,Bz_G
-5.000000000000000000e+01,8.950140909852966331e+01
-4.959919839679358944e+01,9.007979067872558687e+01
-4.919839679358717177e+01,9.066229778716952126e+01
-4.879759519038076121e+01,9.124895609064344626e+01
-4.839679358717435065e+01,9.183979126219732336e+01
-4.799599198396793298e+01,9.243482897641898433e+01
-4.759519038076152242e+01,9.303409490457215725e+01
-4.719438877755511186e+01,9.363761470959946109e+01
-4.679358717434869419e+01,9.424541404099022657e+01
-4.639278557114228363e+01,9.485751852950654950e+01
-4.599198396793587307e+01,9.547395378177017733e+01
-4.559118236472946251e+01,9.609474537470372013e+01
-4.519038076152304484e+01,9.671991884982605825e+01
-4.478957915831663428e+01,9.734949970739880598e+01
-4.438877755511022372e+01,9.798351340042111701e+01
-4.398797595190380605e+01,9.862198532847085630e+01
-4.358717434869739549e+01,9.926494083138904045e+01
-4.318637274549098493e+01,9.991240518280650917e+01
-4.278557114228456726e+01,1.005644035835077119e+02
-4.238476953907815670e+01,1.012209611546318655e+02
-4.198396793587174614e+01,1.018821029307074753e+02
-4.158316633266532847e+01,1.025478538525178180e+02
-4.118236472945891791e+01,1.032182387597958950e+02
-4.078156312625250735e+01,1.038932823837440509e+02
-4.038076152304608968e+01,1.045730093393794249e+02
-3.997995991983967912e+01,1.052574441176985403e+02
-3.957915831663326856e+01,1.059466110776624390e+02
-3.917835671342685089e+01,1.066405344379964930e+02
-3.877755511022044033e+01,1.073392382688059001e+02
-3.837675350701402976e+01,1.080427464830004141e+02
-3.797595190380761210e+01,1.087510828275300412e+02
-3.757515030060120154e+01,1.094642708744263473e+02
-3.717434869739479097e+01,1.101823340116479528e+02
-3.677354709418837331e+01,1.109052954337284689e+02
-3.637274549098196275e+01,1.116331781322230512e+02
-3.597194388777555218e+01,1.123660048859532452e+02
-3.557114228456913452e+01,1.131037982510462285e+02
-3.517034068136272396e+01,1.138465805507669444e+02
-3.476953907815631339e+01,1.145943738651405397e+02
-3.436873747494989573e+01,1.153472000203639851e+02
-3.396793587174348517e+01,1.161050805780034665e+02
-3.356713426853707460e+01,1.168680368239757001e+02
-3.316633266533065694e+01,1.176360897573131012e+02
-3.276553106212424638e+01,1.184092600787076464e+02
-3.236472945891783581e+01,1.191875681788337289e+02
-3.196392785571142170e+01,1.199710341264489273e+02
-3.156312625250501114e+01,1.207596776562677405e+02
-3.116232464929859702e+01,1.215535181566103660e+02
-3.076152304609218291e+01,1.223525746568221564e+02
-3.036072144288577235e+01,1.231568658144639414e+02
-2.995991983967935823e+01,1.239664099022706552e+02
-2.955911823647294412e+01,1.247812247948780282e+02
-2.915831663326653356e+01,1.256013279553147015e+02
-2.875751503006011944e+01,1.264267364212601734e+02
-2.835671342685370533e+01,1.272574667910666335e+02
-2.795591182364729477e+01,1.280935352095440862e+02
-2.755511022044088065e+01,1.289349573535073148e+02
-2.715430861723446654e+01,1.297817484170851685e+02
-2.675350701402805598e+01,1.306339230967909373e+02
-2.635270541082164186e+01,1.314914955763528326e+02
-2.595190380761523130e+01,1.323544795113060388e+02
-2.555110220440881719e+01,1.332228880133437485e+02
-2.515030060120240307e+01,1.340967336344293415e+02
-2.474949899799599251e+01,1.349760283506694805e+02
-2.434869739478957840e+01,1.358607835459464752e+02
-2.394789579158316428e+01,1.367510099953135523e+02
-2.354709418837675372e+01,1.376467178481515248e+02
-2.314629258517033961e+01,1.385479166110875724e+02
-2.274549098196392549e+01,1.394546151306794570e+02
-2.234468937875751493e+01,1.403668215758630424e+02
-2.194388777555110082e+01,1.412845434201678643e+02
-2.154308617234469025e+01,1.422077874236996990e+02
-2.114228456913827614e+01,1.431365596148941108e+02
-2.074148296593186203e+01,1.440708652720412317e+02
-2.034068136272545146e+01,1.450107089045852717e+02
-1.993987975951903735e+01,1.459560942342015721e+02
-1.953907815631262324e+01,1.469070241756513724e+02
-1.913827655310621267e+01,1.478635008174223060e+02
-1.873747494989979856e+01,1.488255254021515555e+02
-1.833667334669338445e+01,1.497930983068408750e+02
-1.793587174348697033e+01,1.507662190228641634e+02
-1.753507014028055977e+01,1.517448861357719352e+02
-1.713426853707414921e+01,1.527290973048982607e+02
-1.673346693386773154e+01,1.537188492427738993e+02
-1.633266533066132098e+01,1.547141376943503417e+02
-1.593186372745491042e+01,1.557149574160406473e+02
-1.553106212424849275e+01,1.567213021545834977e+02
-1.513026052104208219e+01,1.577331646257335649e+02
-1.472945891783567163e+01,1.587505364927873472e+02
-1.432865731462925396e+01,1.597734083449489901e+02
-1.392785571142284340e+01,1.608017696755452164e+02
-1.352705410821643284e+01,1.618356088600933163e+02
-1.312625250501002228e+01,1.628749131342328553e+02
-1.272545090180360461e+01,1.639196685715278932e+02
-1.232464929859719405e+01,1.649698600611467327e+02
-1.192384769539078349e+01,1.660254712854305410e+02
-1.152304609218436582e+01,1.670864846973578040e+02
-1.112224448897795526e+01,1.681528814979142226e+02
-1.072144288577154470e+01,1.692246416133787932e+02
-1.032064128256512703e+01,1.703017436725358493e+02
-9.919839679358716467e+00,1.713841649838232115e+02
-9.519038076152305905e+00,1.724718815124282685e+02
-9.118236472945888238e+00,1.735648678573427048e+02
-8.717434869739477676e+00,1.746630972283876417e+02
-8.316633266533067115e+00,1.757665414232225203e+02
-7.915831663326649448e+00,1.768751708043490112e+02
-7.515030060120238886e+00,1.779889542761234793e+02
-7.114228456913828325e+00,1.791078592617916172e+02
-6.713426853707410658e+00,1.802318516805601405e+02
-6.312625250501000096e+00,1.813608959247171981e+02
-5.911823647294589534e+00,1.824949548368190335e+02
-5.511022044088171867e+00,1.836339896869566815e+02
-5.110220440881761306e+00,1.847779601501182754e+02
-4.709418837675350744e+00,1.859268242836641889e+02
-4.308617234468933077e+00,1.870805385049295637e+02
-3.907815631262522515e+00,1.882390575689726973e+02
-3.507014028056111954e+00,1.894023345464859744e+02
-3.106212424849701392e+00,1.905703208018873624e+02
-2.705410821643283725e+00,1.917429659716092942e+02
-2.304609218436873164e+00,1.929202179426066266e+02
-1.903807615230462602e+00,1.941020228310982247e+02
-1.503006012024044935e+00,1.952883249615658769e+02
-1.102204408817634373e+00,1.964790668460264556e+02
-7.014028056112238119e-01,1.976741891636011701e+02
-3.006012024048061448e-01,1.988736307403992498e+02
1.002004008016044168e-01,2.000773285297384234e+02
5.010020040080149784e-01,2.012852175927235407e+02
9.018036072144326454e-01,2.024972310792053065e+02
1.302605210420843207e+00,2.037133002091383958e+02
1.703406813627253769e+00,2.049333542543656108e+02
2.104208416833671436e+00,2.061573205208470654e+02
2.505010020040081997e+00,2.073851243313582984e+02
2.905811623246492559e+00,2.086166890086814476e+02
3.306613226452910226e+00,2.098519358593119648e+02
3.707414829659320787e+00,2.110907841577045474e+02
4.108216432865731349e+00,2.123331511310828148e+02
4.509018036072149016e+00,2.135789519448367173e+02
4.909819639278559578e+00,2.148280996885309833e+02
5.310621242484970139e+00,2.160805053625512642e+02
5.711422845691387806e+00,2.173360778654112835e+02
6.112224448897798368e+00,2.185947239817449770e+02
6.513026052104208929e+00,2.198563483710117055e+02
6.913827655310619491e+00,2.211208535569352307e+02
7.314629258517037158e+00,2.223881399177060700e+02
7.715430861723447720e+00,2.236581056769687166e+02
8.116232464929858281e+00,2.249306468956217202e+02
8.517034068136275948e+00,2.262056574644533953e+02
8.917835671342686510e+00,2.274830290976407525e+02
9.318637274549097071e+00,2.287626513271343640e+02
9.719438877755514739e+00,2.300444114979559060e+02
1.012024048096192530e+01,2.313281947644325953e+02
1.052104208416833586e+01,2.326138840873926483e+02
1.092184368737475353e+01,2.339013602323477414e+02
1.132264529058116409e+01,2.351905017686850954e+02
1.172344689378757465e+01,2.364811850698943658e+02
1.212424849699399232e+01,2.377732843148526456e+02
1.252505010020040288e+01,2.390666714901911121e+02
1.292585170340681344e+01,2.403612163937665969e+02
1.332665330661323111e+01,2.416567866392595931e+02
1.372745490981964167e+01,2.429532476619226031e+02
1.412825651302605934e+01,2.442504627255005119e+02
1.452905811623246279e+01,2.455482929303414323e+02
1.492985971943888046e+01,2.468465972227236591e+02
1.533066132264529813e+01,2.481452324054130827e+02
1.573146292585170158e+01,2.494440531494771562e+02
1.613226452905811925e+01,2.507429120073668685e+02
1.653306613226453692e+01,2.520416594272927853e+02
1.693386773547094037e+01,2.533401437689049942e+02
1.733466933867735804e+01,2.546382113203006270e+02
1.773547094188377571e+01,2.559357063163688508e+02
1.813627254509017916e+01,2.572324709584929110e+02
1.853707414829659683e+01,2.585283454356206789e+02
1.893787575150301450e+01,2.598231679467186837e+02
1.933867735470941795e+01,2.611167747246195745e+02
1.973947895791583562e+01,2.624090000612781068e+02
2.014028056112225329e+01,2.636996763344430974e+02
2.054108216432865675e+01,2.649886340357526819e+02
2.094188376753507441e+01,2.662757018002690756e+02
2.134268537074149208e+01,2.675607064374484025e+02
2.174348697394789554e+01,2.688434729635628173e+02
2.214428857715431320e+01,2.701238246355714523e+02
2.254509018036071666e+01,2.714015829864469538e+02
2.294589178356713433e+01,2.726765678619612459e+02
2.334669338677355199e+01,2.739485974589275656e+02
2.374749498997995545e+01,2.752174883649034314e+02
2.414829659318637312e+01,2.764830555993475514e+02
2.454909819639279078e+01,2.777451126562332888e+02
2.494989979959919424e+01,2.790034715481092462e+02
2.535070140280561191e+01,2.802579428516058897e+02
2.575150300601202957e+01,2.815083357543765032e+02
2.615230460921843303e+01,2.827544581034686644e+02
2.655310621242485070e+01,2.839961164551123716e+02
2.695390781563126836e+01,2.852331161259160694e+02
2.735470941883767182e+01,2.864652612454564178e+02
2.775551102204408949e+01,2.876923548102470249e+02
2.815631262525050715e+01,2.889141987390740951e+02
2.855711422845691061e+01,2.901305939296746033e+02
2.895791583166332828e+01,2.913413403167464253e+02
2.935871743486974594e+01,2.925462369312636497e+02
2.975951903807614940e+01,2.937450819610801318e+02
3.016032064128256707e+01,2.949376728127945171e+02
3.056112224448898473e+01,2.961238061748542236e+02
3.096192384769538819e+01,2.973032780818720084e+02
3.136272545090180586e+01,2.984758839801268095e+02
3.176352705410822352e+01,2.996414187942213516e+02
3.216432865731462698e+01,3.007996769948624092e+02
3.256513026052104465e+01,3.019504526677390572e+02
3.296593186372746231e+01,3.030935395834568453e+02
3.336673346693386577e+01,3.042287312684996436e+02
3.376753507014028344e+01,3.053558210771819859e+02
3.416833667334670110e+01,3.064746022645523453e+02
3.456913827655310456e+01,3.075848680602106242e+02
3.496993987975952223e+01,3.086864117430012016e+02
3.537074148296593989e+01,3.097790267165361797e+02
3.577154308617234335e+01,3.108625065855134153e+02
3.617234468937876102e+01,3.119366452327771526e+02
3.657314629258517868e+01,3.130012368970856755e+02
3.697394789579158214e+01,3.140560762515329998e+02
3.737474949899799981e+01,3.151009584825829961e+02
3.777555110220441748e+01,3.161356793696645013e+02
3.817635270541082093e+01,3.171600353652819422e+02
3.857715430861723860e+01,3.181738236755898015e+02
3.897795591182365627e+01,3.191768423413793130e+02
3.937875751503005972e+01,3.201688903194311706e+02
3.977955911823647739e+01,3.211497675641763294e+02
4.018036072144289506e+01,3.221192751096142501e+02
4.058116232464929851e+01,3.230772151514372581e+02
4.098196392785571618e+01,3.240233911293034907e+02
4.138276553106213385e+01,3.249576078092069338e+02
4.178356713426853730e+01,3.258796713658855992e+02
4.218436873747495497e+01,3.267893894652165159e+02
4.258517034068135843e+01,3.276865713465393242e+02
4.298597194388777609e+01,3.285710279048504958e+02
4.338677354709419376e+01,3.294425717728162226e+02
4.378757515030059722e+01,3.303010174025408219e+02
4.418837675350701488e+01,3.311461811470389875e+02
4.458917835671343255e+01,3.319778813413548733e+02
4.498997995991983601e+01,3.327959383832634899e+02
4.539078156312625367e+01,3.336001748135083176e+02
4.579158316633267134e+01,3.343904153955066931e+02
4.619238476953907480e+01,3.351664871944763036e+02
4.659318637274549246e+01,3.359282196559182125e+02
4.699398797595191013e+01,3.366754446834038959e+02
4.739478957915831359e+01,3.374079967156087037e+02
4.779559118236473125e+01,3.381257128025364409e+02
4.819639278557114892e+01,3.388284326808781088e+02
4.859719438877755238e+01,3.395159988484518294e+02
4.899799599198397004e+01,3.401882566376682462e+02
4.939879759519038771e+01,3.408450542879672867e+02
4.979959919839679117e+01,3.414862430171728533e+02
5.020040080160320883e+01,3.421116770917150802e+02
5.060120240480962650e+01,3.427212138956636522e+02
5.100200400801602996e+01,3.433147139985252352e+02
5.140280561122244762e+01,3.438920412217535159e+02
5.180360721442886529e+01,3.444530627039205797e+02
5.220440881763526875e+01,3.449976489645035826e+02
5.260521042084168641e+01,3.455256739662379459e+02
5.300601202404810408e+01,3.460370151759904616e+02
5.340681362725450754e+01,3.465315536241064933e+02
5.380761523046092520e+01,3.470091739621887541e+02
5.420841683366734287e+01,3.474697645192605364e+02
5.460921843687374633e+01,3.479132173562759363e+02
5.501002004008016399e+01,3.483394283189333009e+02
5.541082164328658166e+01,3.487482970887509168e+02
5.581162324649298512e+01,3.491397272323715697e+02
5.621242484969940278e+01,3.495136262490531749e+02
5.661322645290582045e+01,3.498699056163138152e+02
5.701402805611222391e+01,3.502084808336940682e+02
5.741482965931864157e+01,3.505292714646060404e+02
5.781563126252505924e+01,3.508322011762359125e+02
5.821643286573146270e+01,3.511171977774708921e+02
5.861723446893788037e+01,3.513841932548207865e+02
5.901803607214429803e+01,3.516331238063086175e+02
5.941883767535070149e+01,3.518639298733036185e+02
5.981963927855711916e+01,3.520765561702733635e+02
6.022044088176353682e+01,3.522709517124313834e+02
6.062124248496994028e+01,3.524470698412615093e+02
6.102204408817635795e+01,3.526048682478968317e+02
6.142284569138277561e+01,3.527443089943390646e+02
6.182364729458917907e+01,3.528653585324988171e+02
6.222444889779559674e+01,3.529679877210451764e+02
6.262525050100201440e+01,3.530521718400491409e+02
6.302605210420841786e+01,3.531178906034139686e+02
6.342685370741483553e+01,3.531651281690791961e+02
6.382765531062123898e+01,3.531938731469899153e+02
6.422845691382765665e+01,3.532041186048327859e+02
6.462925851703407432e+01,3.531958620715225834e+02
6.503006012024047777e+01,3.531691055384481501e+02
6.543086172344689544e+01,3.531238554584692224e+02
6.583166332665331311e+01,3.530601227426682840e+02
6.623246492985971656e+01,3.529779227548577865e+02
6.663326653306613423e+01,3.528772753038512064e+02
6.703406813627255190e+01,3.527582046334968595e+02
6.743486973947895535e+01,3.526207394104889659e+02
6.783567134268537302e+01,3.524649127099590942e+02
6.823647294589179069e+01,3.522907619988654915e+02
6.863727454909819414e+01,3.520983291171864380e+02
6.903807615230461181e+01,3.518876602569333727e+02
6.943887775551102948e+01,3.516588059390055605e+02
6.983967935871743293e+01,3.514118209878947141e+02
7.024048096192385060e+01,3.511467645042631602e+02
7.064128256513026827e+01,3.508636998354187995e+02
7.104208416833667172e+01,3.505626945437034010e+02
7.144288577154308939e+01,3.502438203728232793e+02
7.184368737474950706e+01,3.499071532121433279e+02
7.224448897795591051e+01,3.495527730589752196e+02
7.264529058116232818e+01,3.491807639788852953e+02
7.304609218436874585e+01,3.487912140640543726e+02
7.344689378757514930e+01,3.483842153897172125e+02
7.384769539078156697e+01,3.479598639687218906e+02
7.424849699398798464e+01,3.475182597042319230e+02
7.464929859719438809e+01,3.470595063406178724e+02
7.505010020040080576e+01,3.465837114125684479e+02
7.545090180360722343e+01,3.460909861924629354e+02
7.585170340681362688e+01,3.455814456360417353e+02
7.625250501002004455e+01,3.450552083264169596e+02
7.665330661322646222e+01,3.445123964164685049e+02
7.705410821643286567e+01,3.439531355696597643e+02
7.745490981963928334e+01,3.433775548993289135e+02
7.785571142284570101e+01,3.427857869064912393e+02
7.825651302605211868e+01,3.421779674162054334e+02
7.865731462925850792e+01,3.415542355125476774e+02
7.905811623246492559e+01,3.409147334722437677e+02
7.945891783567134325e+01,3.402596066970078255e+02
7.985971943887776092e+01,3.395890036446386375e+02
8.026052104208417859e+01,3.389030757589231371e+02
8.066132264529059626e+01,3.382019773984017093e+02
8.106212424849698550e+01,3.374858657640438082e+02
8.146292585170340317e+01,3.367549008258910703e+02
8.186372745490982084e+01,3.360092452487207311e+02
8.226452905811623850e+01,3.352490643167811868e+02
8.266533066132265617e+01,3.344745258576593301e+02
8.306613226452907384e+01,3.336858001653292263e+02
8.346693386773546308e+01,3.328830599224469324e+02
8.386773547094188075e+01,3.320664801219354558e+02
8.426853707414829842e+01,3.312362379879285754e+02
8.466933867735471608e+01,3.303925128961216160e+02
8.507014028056113375e+01,3.295354862935917595e+02
8.547094188376755142e+01,3.286653416181395642e+02
8.587174348697394066e+01,3.277822642172154701e+02
8.627254509018035833e+01,3.268864412664818246e+02
8.667334669338677600e+01,3.259780616880729553e+02
8.707414829659319366e+01,3.250573160686066672e+02
8.747494989979961133e+01,3.241243965770061095e+02
8.787575150300602900e+01,3.231794968821871521e+02
8.827655310621241824e+01,3.222228120706698178e+02
8.867735470941883591e+01,3.212545385641674329e+02
8.907815631262525358e+01,3.202748740372102247e+02
8.947895791583167124e+01,3.192840173348590724e+02
8.987975951903808891e+01,3.182821683905639816e+02
9.028056112224450658e+01,3.172695281442190094e+02
9.068136272545089582e+01,3.162462984604724738e+02
9.108216432865731349e+01,3.152126820473383759e+02
9.148296593186373116e+01,3.141688823751684936e+02
9.188376753507014882e+01,3.131151035960292575e+02
9.228456913827656649e+01,3.120515504635413890e+02
9.268537074148298416e+01,3.109784282532253883e+02
9.308617234468937340e+01,3.098959426834054511e+02
9.348697394789579107e+01,3.088042998367180871e+02
9.388777555110220874e+01,3.077037060822754029e+02
9.428857715430862640e+01,3.065943679985227845e+02
9.468937875751504407e+01,3.054764922968410019e+02
9.509018036072143332e+01,3.043502857459343431e+02
9.549098196392785098e+01,3.032159550970471855e+02
9.589178356713426865e+01,3.020737070100499295e+02
9.629258517034068632e+01,3.009237479804356212e+02
9.669338677354710399e+01,2.997662842672638703e+02
9.709418837675352165e+01,2.986015218220908878e+02
9.749498997995991090e+01,2.974296662189216818e+02
9.789579158316632856e+01,2.962509225852192003e+02
9.829659318637274623e+01,2.950654955340022525e+02
9.869739478957916390e+01,2.938735890970671107e+02
9.909819639278558157e+01,2.926754066593601920e+02
9.949899799599199923e+01,2.914711508945323430e+02
9.989979959919838848e+01,2.902610237017058239e+02
1.003006012024048061e+02,2.890452261434708134e+02
1.007014028056112238e+02,2.878239583851484440e+02
1.011022044088176415e+02,2.865974196353345178e+02
1.015030060120240591e+02,2.853658080877487464e+02
1.019038076152304768e+02,2.841293208644111701e+02
1.023046092184368661e+02,2.828881539601630379e+02
1.027054108216432837e+02,2.816425021885492015e+02
1.031062124248497014e+02,2.803925591290794728e+02
1.035070140280561191e+02,2.791385170758828167e+02
1.039078156312625367e+02,2.778805669877667697e+02
1.043086172344689544e+02,2.766188984396932256e+02
1.047094188376753436e+02,2.753536995756832653e+02
1.051102204408817613e+02,2.740851570631555774e+02
1.055110220440881790e+02,2.728134560487114300e+02
1.059118236472945966e+02,2.715387801153643181e+02
1.063126252505010143e+02,2.702613112412259966e+02
1.067134268537074320e+02,2.689812297596480448e+02
1.071142284569138212e+02,2.676987143208227167e+02
1.075150300601202389e+02,2.664139418548396634e+02
1.079158316633266566e+02,2.651270875362036463e+02
1.083166332665330742e+02,2.638383247498064179e+02
1.087174348697394919e+02,2.625478250583506110e+02
1.091182364729459096e+02,2.612557581712206911e+02
1.095190380761522988e+02,2.599622919147993798e+02
1.099198396793587165e+02,2.586675922042133493e+02
1.103206412825651341e+02,2.573718230165104615e+02
1.107214428857715518e+02,2.560751463652528059e+02
1.111222444889779695e+02,2.547777222765172382e+02
1.115230460921843871e+02,2.534797087662923616e+02
1.119238476953907764e+02,2.521812618192602997e+02
1.123246492985971940e+02,2.508825353689476003e+02
1.127254509018036117e+02,2.495836812792355204e+02
1.131262525050100294e+02,2.482848493272095993e+02
1.135270541082164470e+02,2.469861871873367249e+02
1.139278557114228647e+02,2.456878404169518433e+02
1.143286573146292540e+02,2.443899524430350709e+02
1.147294589178356716e+02,2.430926645502642884e+02
1.151302605210420893e+02,2.417961158703231490e+02
1.155310621242485070e+02,2.405004433724425894e+02
1.159318637274549246e+02,2.392057818551596995e+02
1.163326653306613139e+02,2.379122639392712131e+02
1.167334669338677315e+02,2.366200200619604459e+02
1.171342685370741492e+02,2.353291784720752560e+02
1.175350701402805669e+02,2.340398652265384953e+02
1.179358717434869845e+02,2.327522041878617642e+02
1.183366733466934022e+02,2.314663170227456988e+02
1.187374749498997915e+02,2.301823232017420366e+02
1.191382765531062091e+02,2.289003399999493240e+02
1.195390781563126268e+02,2.276204824987242432e+02
1.199398797595190445e+02,2.263428635883809079e+02
1.203406813627254621e+02,2.250675939718544498e+02
1.207414829659318798e+02,2.237947821693039430e+02
1.211422845691382690e+02,2.225245345236301091e+02
1.215430861723446867e+02,2.212569552068832763e+02
1.219438877755511044e+02,2.199921462275351018e+02
1.223446893787575220e+02,2.187302074385909805e+02
1.227454909819639397e+02,2.174712365465151436e+02
1.231462925851703574e+02,2.162153291209468762e+02
1.235470941883767466e+02,2.149625786051793455e+02
1.239478957915831643e+02,2.137130763273771947e+02
1.243486973947895819e+02,2.124669115125093413e+02
1.247494989979959996e+02,2.112241712949681300e+02
1.251503006012024173e+02,2.099849407318553460e+02
1.255511022044088350e+02,2.087493028169041054e+02
1.259519038076152242e+02,2.075173384950188620e+02
1.263527054108216419e+02,2.062891266774026064e+02
1.267535070140280595e+02,2.050647442572513626e+02
1.271543086172344772e+02,2.038442661259917088e+02
1.275551102204408949e+02,2.026277651900344665e+02
1.279559118236473125e+02,2.014153123880249154e+02
1.283567134268537018e+02,2.002069767085637864e+02
1.287575150300601194e+02,1.990028252083776295e+02
1.291583166332665371e+02,1.978029230309149682e+02
1.295591182364729548e+02,1.966073334253455016e+02
1.299599198396793724e+02,1.954161177659426585e+02
1.303607214428857901e+02,1.942293355718246346e+02
1.307615230460921794e+02,1.930470445270363768e+02
1.311623246492985970e+02,1.918693005009463093e+02
1.315631262525050147e+02,1.906961575689447841e+02
1.319639278557114324e+02,1.895276680334160915e+02
1.323647294589178500e+02,1.883638824449689366e+02
1.327655310621242677e+02,1.872048496239062843e+02
1.331663326653306569e+02,1.860506166819126861e+02
1.335671342685370746e+02,1.849012290439423225e+02
1.339679358717434923e+02,1.837567304702903641e+02
1.343687374749499099e+02,1.826171630788269340e+02
1.347695390781563276e+02,1.814825673673805682e+02
1.351703406813627169e+02,1.803529822362496020e+02
1.355711422845691345e+02,1.792284450108289207e+02
1.359719438877755522e+02,1.781089914643330872e+02
1.363727454909819699e+02,1.769946558406031727e+02
1.367735470941883875e+02,1.758854708769782462e+02
1.371743486973948052e+02,1.747814678272199558e+02
1.375751503006011944e+02,1.736826764844749960e+02
1.379759519038076121e+02,1.725891252042603412e+02
1.383767535070140298e+02,1.715008409274589098e+02
1.387775551102204474e+02,1.704178492033124144e+02
1.391783567134268651e+02,1.693401742123982103e+02
1.395791583166332828e+02,1.682678387895782350e+02
1.399799599198396720e+02,1.672008644469083265e+02
1.403807615230460897e+02,1.661392713964953600e+02
1.407815631262525073e+02,1.650830785732938750e+02
1.411823647294589250e+02,1.640323036578275264e+02
1.415831663326653427e+02,1.629869630988285962e+02
1.419839679358717603e+02,1.619470721357848504e+02
1.423847695390781496e+02,1.609126448213819458e+02
1.427855711422845673e+02,1.598836940438362717e+02
1.431863727454909849e+02,1.588602315491063450e+02
1.435871743486974026e+02,1.578422679629753986e+02
1.439879759519038203e+02,1.568298128129985400e+02
1.443887775551102379e+02,1.558228745503032542e+02
1.447895791583166272e+02,1.548214605712414311e+02
1.451903807615230448e+02,1.538255772388799016e+02
1.455911823647294625e+02,1.528352299043284006e+02
1.459919839679358802e+02,1.518504229278946696e+02
1.463927855711422978e+02,1.508711597000628899e+02
1.467935871743487155e+02,1.498974426622893361e+02
1.471943887775551048e+02,1.489292733276100194e+02
1.475951903807615224e+02,1.479666523010547223e+02
1.479959919839679401e+02,1.470095792998638728e+02
1.483967935871743578e+02,1.460580531735031968e+02
1.487975951903807754e+02,1.451120719234715466e+02
1.491983967935871931e+02,1.441716327228988348e+02
1.495991983967935823e+02,1.432367319359313740e+02
1.500000000000000000e+02,1.423073651368981132e+02
